{"_timestamp":1.7628670546190012e+09,"_step":27210,"dev_loss":3.023736644747437,"_wandb":{"runtime":2524},"_runtime":2524.519712583,"iteration":27210,"train_loss":3.008431990456756,"learning_rate":0.001}