{"learning_rate":0.001,"_timestamp":1.762530294680921e+09,"_step":27210,"dev_loss":2.3457359469527224,"_wandb":{"runtime":2553},"_runtime":2553.774145417,"iteration":27210,"train_loss":2.242801748414038}