{"_step":26000,"dev_loss":1.3074351350688997,"_wandb":{"runtime":2855},"_runtime":2855.162464833,"iteration":26000,"train_loss":0.488225757851711,"learning_rate":6.25e-05,"_timestamp":1.7625263870732758e+09}