{"_timestamp":1.762869826629209e+09,"_step":27210,"iteration":27210,"train_loss":0.7630760773029746,"learning_rate":0.0005,"dev_loss":1.525480871694173,"_wandb":{"runtime":2617},"_runtime":2617.571181083}